id,type,price,a_min,a_max,search
24690,S201-B6,8.00,0,5,mcb 1p b06a 10ka
24691,S201-B10,8.00,5,8,mcb 1p b10a 10ka
24692,S201-B16,8.00,8,13,mcb 1p b16a 10ka
24693,S201-B20,8.00,13,18,mcb 1p b20a 10ka
24694,S201-B25,8.00,18,22.5,mcb 1p b25a 10ka
24695,S201-B32,8.00,22.5,28.5,mcb 1p b32a 10ka
24696,S201-B40,9.90,28.5,36,mcb 1p b40a 10ka
24697,S201-B50,11.70,36,45,mcb 1p b50a 10ka
24698,S201-B63,11.70,45,56.5,mcb 1p b63a 10ka
24699,S202-B6,20.00,0,5,mcb 2p b06a 10ka
24700,S202-B10,20.00,5,8,mcb 2p b10a 10ka
24701,S202-B16,20.00,8,13,mcb 2p b16a 10ka
24702,S202-B20,20.00,13,18,mcb 2p b20a 10ka
24703,S202-B25,20.00,18,22.5,mcb 2p b25a 10ka
24704,S202-B32,20.00,22.5,28.5,mcb 2p b32a 10ka
24705,S202-B40,25.30,28.5,36,mcb 2p b40a 10ka
24706,S202-B50,30.80,36,45,mcb 2p b50a 10ka
24707,S202-B63,30.80,45,56.5,mcb 2p b63a 10ka
24708,S203-B6,30.20,0,5,mcb 3p b06a 10ka
24709,S203-B10,30.20,5,8,mcb 3p b10a 10ka
24710,S203-B16,30.20,8,13,mcb 3p b16a 10ka
24711,S203-B20,30.20,13,18,mcb 3p b20a 10ka
24712,S203-B25,30.20,18,22.5,mcb 3p b25a 10ka
24713,S203-B32,30.20,22.5,28.5,mcb 3p b32a 10ka
24714,S203-B40,37.80,28.5,36,mcb 3p b40a 10ka
24715,S203-B50,47.00,36,45,mcb 3p b50a 10ka
24716,S203-B63,47.00,45,56.5,mcb 3p b63a 10ka
24717,S204-B6,42.00,0,5,mcb 4p b06a 10ka
24718,S204-B10,42.00,5,8,mcb 4p b10a 10ka
24719,S204-B16,42.00,8,13,mcb 4p b16a 10ka
24720,S204-B20,42.00,13,18,mcb 4p b20a 10ka
24721,S204-B25,42.00,18,22.5,mcb 4p b25a 10ka
24722,S204-B32,42.00,22.5,28.5,mcb 4p b32a 10ka
24723,S204-B40,50.00,28.5,36,mcb 4p b40a 10ka
24724,S204-B50,57.00,36,45,mcb 4p b50a 10ka
24725,S204-B63,57.00,45,56.5,mcb 4p b63a 10ka
24726,S201-B6NA,20.00,0,5,mcb 1p+n b06a 10ka
24727,S201-B10NA,20.00,5,8,mcb 1p+n b10a 10ka
24728,S201-B16NA,20.00,8,13,mcb 1p+n b16a 10ka
24729,S201-B20NA,20.00,13,18,mcb 1p+n b20a 10ka
24730,S201-B25NA,20.00,18,22.5,mcb 1p+n b25a 10ka
24731,S201-B32NA,20.00,22.5,28.5,mcb 1p+n b32a 10ka
24732,S201-B40NA,25.30,28.5,36,mcb 1p+n b40a 10ka
24733,S201-B50NA,30.80,36,45,mcb 1p+n b50a 10ka
24734,S201-B63NA,30.80,45,56.5,mcb 1p+n b63a 10ka
24735,S203-B6NA,42.00,0,5,mcb 3p+n b06a 10ka
24736,S203-B10NA,42.00,5,8,mcb 3p+n b10a 10ka
24737,S203-B16NA,42.00,8,13,mcb 3p+n b16a 10ka
24738,S203-B20NA,42.00,13,18,mcb 3p+n b20a 10ka
24739,S203-B25NA,42.00,18,22.5,mcb 3p+n b25a 10ka
24740,S203-B32NA,42.00,22.5,28.5,mcb 3p+n b32a 10ka
24741,S203-B40NA,50.00,28.5,36,mcb 3p+n b40a 10ka
24742,S203-B50NA,57.00,36,45,mcb 3p+n b50a 10ka
24743,S203-B63NA,57.00,45,56.5,mcb 3p+n b63a 10ka
24744,S201-C1,9.95,0,0.5,mcb 1p c01a 10ka
24745,S201-C2,9.95,0.5,1.5,mcb 1p c02a 10ka
24746,S201-C4,9.95,1.5,3,mcb 1p c04a 10ka
24747,S201-C6,8.00,3,5,mcb 1p c06a 10ka
24748,S201-C10,8.00,5,8,mcb 1p c10a 10ka
24749,S201-C16,8.00,8,13,mcb 1p c16a 10ka
24750,S201-C20,8.00,13,18,mcb 1p c20a 10ka
24751,S201-C25,8.00,18,22.5,mcb 1p c25a 10ka
24752,S201-C32,8.00,22.5,28.5,mcb 1p c32a 10ka
24753,S201-C40,9.90,28.5,36,mcb 1p c40a 10ka
24754,S201-C50,11.70,36,45,mcb 1p c50a 10ka
24755,S201-C63,11.70,45,56.5,mcb 1p c63a 10ka
24756,S202-C1,25.40,0,0.5,mcb 2p c01a 10ka
24757,S202-C2,25.40,0.5,1.5,mcb 2p c02a 10ka
24758,S202-C4,25.40,1.5,3,mcb 2p c04a 10ka
24759,S202-C6,20.00,3,5,mcb 2p c06a 10ka
24760,S202-C10,20.00,5,8,mcb 2p c10a 10ka
24761,S202-C16,20.00,8,13,mcb 2p c16a 10ka
24762,S202-C20,20.00,13,18,mcb 2p c20a 10ka
24763,S202-C25,20.00,18,22.5,mcb 2p c25a 10ka
24764,S202-C32,20.00,22.5,28.5,mcb 2p c32a 10ka
24765,S202-C40,25.30,28.5,36,mcb 2p c40a 10ka
24766,S202-C50,30.80,36,45,mcb 2p c50a 10ka
24767,S202-C63,30.80,45,56.5,mcb 2p c63a 10ka
24768,S203-C1,35.50,0,0.5,mcb 3p c01a 10ka
24769,S203-C2,35.50,0.5,1.5,mcb 3p c02a 10ka
24770,S203-C4,35.50,1.5,3,mcb 3p c04a 10ka
24771,S203-C6,30.20,3,5,mcb 3p c06a 10ka
24772,S203-C10,30.20,5,8,mcb 3p c10a 10ka
24773,S203-C16,30.20,8,13,mcb 3p c16a 10ka
24774,S203-C20,30.20,13,18,mcb 3p c20a 10ka
24775,S203-C25,30.20,18,22.5,mcb 3p c25a 10ka
24776,S203-C32,30.20,22.5,28.5,mcb 3p c32a 10ka
24777,S203-C40,37.80,28.5,36,mcb 3p c40a 10ka
24778,S203-C50,47.00,36,45,mcb 3p c50a 10ka
24779,S203-C63,47.00,45,56.5,mcb 3p c63a 10ka
24780,S204-C1,58.50,0,0.5,mcb 4p c01a 10ka
24781,S204-C2,58.50,0.5,1.5,mcb 4p c02a 10ka
24782,S204-C4,49.00,1.5,3,mcb 4p c04a 10ka
24783,S204-C6,42.00,3,5,mcb 4p c06a 10ka
24784,S204-C10,42.00,5,8,mcb 4p c10a 10ka
24785,S204-C16,42.00,8,13,mcb 4p c16a 10ka
24786,S204-C20,42.00,13,18,mcb 4p c20a 10ka
24787,S204-C25,42.00,18,22.5,mcb 4p c25a 10ka
24788,S204-C32,42.00,22.5,28.5,mcb 4p c32a 10ka
24789,S204-C40,50.00,28.5,36,mcb 4p c40a 10ka
24790,S204-C50,57.00,36,45,mcb 4p c50a 10ka
24791,S204-C63,57.00,45,56.5,mcb 4p c63a 10ka
24792,S201-C1NA,25.40,0,0.5,mcb 1p+n c01a 10ka
24793,S201-C2NA,25.40,0.5,1.5,mcb 1p+n c02a 10ka
24794,S201-C4NA,25.40,1.5,3,mcb 1p+n c04a 10ka
24795,S201-C6NA,20.00,3,5,mcb 1p+n c06a 10ka
24796,S201-C10NA,20.00,5,8,mcb 1p+n c10a 10ka
24797,S201-C16NA,20.00,8,13,mcb 1p+n c16a 10ka
24798,S201-C20NA,20.00,13,18,mcb 1p+n c20a 10ka
24799,S201-C25NA,20.00,18,22.5,mcb 1p+n c25a 10ka
24800,S201-C32NA,20.00,22.5,28.5,mcb 1p+n c32a 10ka
24801,S201-C40NA,25.30,28.5,36,mcb 1p+n c40a 10ka
24802,S201-C50NA,30.80,36,45,mcb 1p+n c50a 10ka
24803,S201-C63NA,30.80,45,56.5,mcb 1p+n c63a 10ka
24804,S203-C1NA,58.00,0,0.5,mcb 3p+n c01a 10ka
24805,S203-C2NA,58.00,0.5,1.5,mcb 3p+n c02a 10ka
24806,S203-C4NA,58.00,1.5,3,mcb 3p+n c04a 10ka
24807,S203-C6NA,42.00,3,5,mcb 3p+n c06a 10ka
24808,S203-C10NA,42.00,5,8,mcb 3p+n c10a 10ka
24809,S203-C16NA,42.00,8,13,mcb 3p+n c16a 10ka
24810,S203-C20NA,42.00,13,18,mcb 3p+n c20a 10ka
24811,S203-C25NA,42.00,18,22.5,mcb 3p+n c25a 10ka
24812,S203-C32NA,42.00,22.5,28.5,mcb 3p+n c32a 10ka
24813,S203-C40NA,50.00,28.5,36,mcb 3p+n c40a 10ka
24814,S203-C50NA,57.00,36,45,mcb 3p+n c50a 10ka
24815,S203-C63NA,57.00,45,56.5,mcb 3p+n c63a 10ka
24816,S201-K1,20.80,0,0.5,mcb 1p k01a 10ka
24817,S201-K2,16.70,0.5,1.5,mcb 1p k02a 10ka
24818,S201-K4,16.70,1.5,3,mcb 1p k04a 10ka
24819,S201-K6,11.60,3,5,mcb 1p k06a 10ka
24820,S201-K10,10.55,5,8,mcb 1p k10a 10ka
24821,S201-K16,10.55,8,13,mcb 1p k16a 10ka
24822,S201-K20,10.55,13,18,mcb 1p k20a 10ka
24823,S201-K25,10.55,18,22.5,mcb 1p k25a 10ka
24824,S201-K32,12.70,22.5,28.5,mcb 1p k32a 10ka
24825,S201-K40,12.70,28.5,36,mcb 1p k40a 10ka
24826,S201-K50,21.00,36,45,mcb 1p k50a 10ka
24827,S201-K63,23.10,45,56.5,mcb 1p k63a 10ka
24828,S202-K1,43.00,0,0.5,mcb 2p k01a 10ka
24829,S202-K2,39.40,0.5,1.5,mcb 2p k02a 10ka
24830,S202-K4,39.40,1.5,3,mcb 2p k04a 10ka
24831,S202-K6,28.40,3,5,mcb 2p k06a 10ka
24832,S202-K10,26.00,5,8,mcb 2p k10a 10ka
24833,S202-K16,26.00,8,13,mcb 2p k16a 10ka
24834,S202-K20,28.00,13,18,mcb 2p k20a 10ka
24835,S202-K25,28.00,18,22.5,mcb 2p k25a 10ka
24836,S202-K32,31.30,22.5,28.5,mcb 2p k32a 10ka
24837,S202-K40,33.60,28.5,36,mcb 2p k40a 10ka
24838,S202-K50,49.50,36,45,mcb 2p k50a 10ka
24839,S202-K63,49.90,45,56.5,mcb 2p k63a 10ka
24840,S203-K1,71.70,0,0.5,mcb 3p k01a 10ka
24841,S203-K2,55.00,0.5,1.5,mcb 3p k02a 10ka
24842,S203-K4,51.90,1.5,3,mcb 3p k04a 10ka
24843,S203-K6,39.80,3,5,mcb 3p k06a 10ka
24844,S203-K10,35.80,5,8,mcb 3p k10a 10ka
24845,S203-K16,35.80,8,13,mcb 3p k16a 10ka
24846,S203-K20,35.80,13,18,mcb 3p k20a 10ka
24847,S203-K25,35.80,18,22.5,mcb 3p k25a 10ka
24848,S203-K32,39.90,22.5,28.5,mcb 3p k32a 10ka
24849,S203-K40,42.20,28.5,36,mcb 3p k40a 10ka
24850,S203-K50,66.10,36,45,mcb 3p k50a 10ka
24851,S203-K63,72.40,45,56.5,mcb 3p k63a 10ka
24852,S204-K1,99.00,0,0.5,mcb 4p k01a 10ka
24853,S204-K2,66.70,0.5,1.5,mcb 4p k02a 10ka
24854,S204-K4,66.70,1.5,3,mcb 4p k04a 10ka
24855,S204-K6,62.20,3,5,mcb 4p k06a 10ka
24856,S204-K10,60.30,5,8,mcb 4p k10a 10ka
24857,S204-K16,60.30,8,13,mcb 4p k16a 10ka
24858,S204-K20,60.30,13,18,mcb 4p k20a 10ka
24859,S204-K25,60.30,18,22.5,mcb 4p k25a 10ka
24860,S204-K32,62.70,22.5,28.5,mcb 4p k32a 10ka
24861,S204-K40,74.00,28.5,36,mcb 4p k40a 10ka
24862,S204-K50,80.80,36,45,mcb 4p k50a 10ka
24863,S204-K63,83.90,45,56.5,mcb 4p k63a 10ka
24942,S201M-C1,13.30,0,0.5,mcb 1p c01a 15ka
24943,S201M-C2,11.70,0.5,1.5,mcb 1p c02a 15ka
24944,S201M-C4,11.70,1.5,3,mcb 1p c04a 15ka
24945,S201M-C6,9.60,3,5,mcb 1p c06a 15ka
24946,S201M-C10,9.60,5,8,mcb 1p c10a 15ka
24947,S201M-C16,9.60,8,13,mcb 1p c16a 15ka
24948,S201M-C20,9.60,13,18,mcb 1p c20a 15ka
24949,S201M-C25,9.60,18,22.5,mcb 1p c25a 15ka
24950,S201M-C32,9.60,22.5,28.5,mcb 1p c32a 15ka
24951,S201M-C40,11.70,28.5,36,mcb 1p c40a 15ka
24952,S201M-C50,13.60,36,45,mcb 1p c50a 15ka
24953,S201M-C63,13.60,45,56.5,mcb 1p c63a 15ka
24954,S202M-C1,32.00,0,0.5,mcb 2p c01a 15ka
24955,S202M-C2,32.00,0.5,1.5,mcb 2p c02a 15ka
24956,S202M-C4,32.00,1.5,3,mcb 2p c04a 15ka
24957,S202M-C6,23.00,3,5,mcb 2p c06a 15ka
24958,S202M-C10,22.95,5,8,mcb 2p c10a 15ka
24959,S202M-C16,22.95,8,13,mcb 2p c16a 15ka
24960,S202M-C20,22.95,13,18,mcb 2p c20a 15ka
24961,S202M-C25,22.95,18,22.5,mcb 2p c25a 15ka
24962,S202M-C32,22.95,22.5,28.5,mcb 2p c32a 15ka
24963,S202M-C40,28.60,28.5,36,mcb 2p c40a 15ka
24964,S202M-C50,34.60,36,45,mcb 2p c50a 15ka
24965,S202M-C63,34.60,45,56.5,mcb 2p c63a 15ka
24966,S203M-C1,54.00,0,0.5,mcb 3p c01a 15ka
24967,S203M-C2,42.00,0.5,1.5,mcb 3p c02a 15ka
24968,S203M-C4,42.00,1.5,3,mcb 3p c04a 15ka
24969,S203M-C6,34.70,3,5,mcb 3p c06a 15ka
24970,S203M-C10,34.70,5,8,mcb 3p c10a 15ka
24971,S203M-C16,34.70,8,13,mcb 3p c16a 15ka
24972,S203M-C20,34.70,13,18,mcb 3p c20a 15ka
24973,S203M-C25,34.70,18,22.5,mcb 3p c25a 15ka
24974,S203M-C32,34.70,22.5,28.5,mcb 3p c32a 15ka
24975,S203M-C40,44.90,28.5,36,mcb 3p c40a 15ka
24976,S203M-C50,53.10,36,45,mcb 3p c50a 15ka
24977,S203M-C63,53.10,45,56.5,mcb 3p c63a 15ka
24978,S204M-C1,67.40,0,0.5,mcb 4p c01a 15ka
24979,S204M-C2,57.20,0.5,1.5,mcb 4p c02a 15ka
24980,S204M-C4,57.20,1.5,3,mcb 4p c04a 15ka
24981,S204M-C6,57.20,3,5,mcb 4p c06a 15ka
24982,S204M-C10,57.20,5,8,mcb 4p c10a 15ka
24983,S204M-C16,57.20,8,13,mcb 4p c16a 15ka
24984,S204M-C20,57.20,13,18,mcb 4p c20a 15ka
24985,S204M-C25,57.20,18,22.5,mcb 4p c25a 15ka
24986,S204M-C32,57.20,22.5,28.5,mcb 4p c32a 15ka
24987,S204M-C40,61.80,28.5,36,mcb 4p c40a 15ka
24988,S204M-C50,72.20,36,45,mcb 4p c50a 15ka
24989,S204M-C63,72.20,45,56.5,mcb 4p c63a 15ka
70403,S201Μ-K1,26.20,0,0.5,mcb 1p k01a 15ka
70404,S201Μ-K2,21.80,0.5,1.5,mcb 1p k02a 15ka
70405,S201Μ-K4,21.80,1.5,3,mcb 1p k04a 15ka
70406,S201Μ-K6,13.40,3,5,mcb 1p k06a 15ka
47438,S201Μ-K10,12.10,5,8,mcb 1p k10a 15ka
49215,S201Μ-K16,12.10,8,13,mcb 1p k16a 15ka
41102,S201Μ-K20,13.20,13,18,mcb 1p k20a 15ka
70407,S201Μ-K25,13.20,18,22.5,mcb 1p k25a 15ka
70408,S201Μ-K32,14.10,22.5,28.5,mcb 1p k32a 15ka
70409,S201Μ-K40,14.10,28.5,36,mcb 1p k40a 15ka
70410,S201Μ-K50,23.95,36,45,mcb 1p k50a 15ka
70411,S201Μ-K63,26.75,45,56.5,mcb 1p k63a 15ka
47004,S202Μ-K1,51.00,0,0.5,mcb 2p k01a 15ka
47003,S202Μ-K2,46.50,0.5,1.5,mcb 2p k02a 15ka
47002,S202Μ-K4,46.50,1.5,3,mcb 2p k04a 15ka
47001,S202Μ-K6,32.15,3,5,mcb 2p k06a 15ka
47000,S202Μ-K10,30.17,5,8,mcb 2p k10a 15ka
46999,S202Μ-K16,30.17,8,13,mcb 2p k16a 15ka
70412,S202Μ-K20,32.46,13,18,mcb 2p k20a 15ka
70413,S202Μ-K25,32.46,18,22.5,mcb 2p k25a 15ka
70414,S202Μ-K32,36.62,22.5,28.5,mcb 2p k32a 15ka
70415,S202Μ-K40,38.18,28.5,36,mcb 2p k40a 15ka
70416,S202Μ-K50,56.28,36,45,mcb 2p k50a 15ka
70417,S202Μ-K63,58.99,45,56.5,mcb 2p k63a 15ka
70418,S203Μ-K1,80.11,0,0.5,mcb 3p k01a 15ka
70419,S203Μ-K2,66.59,0.5,1.5,mcb 3p k02a 15ka
70420,S203Μ-K4,66.59,1.5,3,mcb 3p k04a 15ka
70421,S203Μ-K6,44.53,3,5,mcb 3p k06a 15ka
70422,S203Μ-K10,39.74,5,8,mcb 3p k10a 15ka
49248,S203Μ-K16,39.74,8,13,mcb 3p k16a 15ka
40795,S203Μ-K20,41.62,13,18,mcb 3p k20a 15ka
47439,S203Μ-K25,41.62,18,22.5,mcb 3p k25a 15ka
40796,S203Μ-K32,44.64,22.5,28.5,mcb 3p k32a 15ka
49247,S203Μ-K40,47.44,28.5,36,mcb 3p k40a 15ka
42621,S203Μ-K50,75.95,36,45,mcb 3p k50a 15ka
44506,S203Μ-K63,80.73,45,56.5,mcb 3p k63a 15ka
70424,S204Μ-K1,111.84,0,0.5,mcb 4p k01a 15ka
70425,S204Μ-K2,78.35,0.5,1.5,mcb 4p k02a 15ka
70426,S204Μ-K4,78.35,1.5,3,mcb 4p k04a 15ka
70427,S204Μ-K6,73.14,3,5,mcb 4p k06a 15ka
70428,S204Μ-K10,71.17,5,8,mcb 4p k10a 15ka
70429,S204Μ-K16,71.17,8,13,mcb 4p k16a 15ka
70430,S204Μ-K20,71.17,13,18,mcb 4p k20a 15ka
70431,S204Μ-K25,71.17,18,22.5,mcb 4p k25a 15ka
70432,S204Μ-K32,72.31,22.5,28.5,mcb 4p k32a 15ka
70433,S204Μ-K40,87.08,28.5,36,mcb 4p k40a 15ka
70434,S204Μ-K50,94.99,36,45,mcb 4p k50a 15ka
70435,S204Μ-K63,97.70,45,56.5,mcb 4p k63a 15ka
70461,S801B-C80,49.74,56.5,71.5,mcb 1p c80a 16ka
70462,S801B-C100,52.96,71.5,90,mcb 1p c100a 16ka
70463,S801B-C125,59.30,90,112.5,mcb 1p c125a 16ka
70464,S802B-C80,84.79,56.5,71.5,mcb 2p c80a 16ka
70465,S802B-C100,88.64,71.5,90,mcb 2p c100a 16ka
70466,S802B-C125,104.56,90,112.5,mcb 2p c125a 16ka
70467,S803B-C80,106.12,56.5,71.5,mcb 3p c80a 16ka
70468,S803B-C100,116.52,71.5,90,mcb 3p c100a 16ka
70469,S803B-C125,142.22,90,112.5,mcb 3p c125a 16ka
70470,S804B-C80,142.22,56.5,71.5,mcb 4p c80a 16ka
70471,S804B-C100,147.90,71.5,90,mcb 4p c100a 16ka
70472,S804B-C125,181.56,90,112.5,mcb 4p c125a 16ka
43886,S801C-C80,61.38,56.5,71.5,mcb 1p c80a 25ka
43887,S801C-C100,62.42,71.5,90,mcb 1p c100a 25ka
43888,S801C-C125,66.48,90,112.5,mcb 1p c125a 25ka
48783,S802C-C80,117.57,56.5,71.5,mcb 2p c80a 25ka
70458,S802C-C100,119.44,71.5,90,mcb 2p c100a 25ka
70459,S802C-C125,131.61,90,112.5,mcb 2p c125a 25ka
43890,S803C-C80,160.84,56.5,71.5,mcb 3p c80a 25ka
43891,S803C-C100,176.87,71.5,90,mcb 3p c100a 25ka
43892,S803C-C125,194.35,90,112.5,mcb 3p c125a 25ka
45158,S804C-C80,223.17,56.5,71.5,mcb 4p c80a 25ka
70460,S804C-C100,244.49,71.5,90,mcb 4p c100a 25ka
49142,S804C-C125,260.10,90,112.5,mcb 4p c125a 25ka
70449,S801N-C80,70.02,56.5,71.5,mcb 1p c80a 36ka
70450,S801N-C100,73.77,71.5,90,mcb 1p c100a 36ka
70451,S801N-C125,79.27,90,112.5,mcb 1p c125a 36ka
70452,S802N-C80,139.10,56.5,71.5,mcb 2p c80a 36ka
70453,S802N-C100,142.22,71.5,90,mcb 2p c100a 36ka
70454,S802N-C125,151.90,90,112.5,mcb 2p c125a 36ka
40612,S803N-C80,186.23,56.5,71.5,mcb 3p c80a 36ka
47345,S803N-C100,199.76,71.5,90,mcb 3p c100a 36ka
40613,S803N-C125,222.65,90,112.5,mcb 3p c125a 36ka
70455,S804N-C80,272.58,56.5,71.5,mcb 4p c80a 36ka
70456,S804N-C100,274.67,71.5,90,mcb 4p c100a 36ka
70457,S804N-C125,286.11,90,112.5,mcb 4p c125a 36ka
45426,ΧΤ1Β160R16,109.38,0,13.6,cb 3p 016a 18ka 
45493,ΧΤ1Β160R16,142.28,0,13.6,cb 4p 16a 18ka 
45428,XT1B160R20,109.38,13.6,17,cb 3p 20a 18ka 
45496,XT1B160R20,142.28,13.6,17,cb 4p 20a 18ka 
45429,XT1B160R25,109.38,17,21.25,cb 3p 25a 18ka 
45497,XT1B160R25,142.28,17,21.25,cb 4p 25a 18ka 
45430,XT1B160R32,109.38,21.25,27.2,cb 3p 32a 18ka 
45498,XT1B160R32,142.28,21.25,27.2,cb 4p 32a 18ka 
45431,XT1B160R40,109.38,27.2,34,cb 3p 40a 18ka 
45499,XT1B160R40,142.28,27.2,34,cb 4p 40a 18ka 
45432,XT1B160R50,109.38,34,42.5,cb 3p 50a 18ka 
45500,XT1B160R50,142.28,34,42.5,cb 4p 50a 18ka 
45433,XT1B160R63,109.38,42.5,53.55,cb 3p 63a 18ka 
45501,XT1B160R63,142.28,42.5,53.55,cb 4p 63a 18ka 
45434,XT1B160R80,109.38,53.55,68,cb 3p 80a 18ka 
45502,XT1B160R80,142.28,53.55,68,cb 4p 80a 18ka 
45424,XT1B160R100,109.38,68,85,cb 3p 100a 18ka 
45490,XT1B160R100,142.28,68,85,cb 4p 100a 18ka 
45425,XT1B160R125,136.54,85,106.25,cb 3p 125a 18ka 
45491,XT1B160R125,179.65,85,106.25,cb 4p 125a 18ka 
45492,XT1B160R125,179.65,85,106.25,cb 4p(N=50%) 125a 18ka 
45427,XT1B160R160,185.83,106.25,136,cb 3p 160a 18ka 
45494,XT1B160R160,248.77,106.25,136,cb 4p 160a 18ka 
45495,XT1B160R160,248.77,106.25,136,cb 4p(N=50%) 160a 18ka 
79876,XT1C160R16,126.06,0,13.6,cb 3p 16a 25ka 
79890,XT1C160R16,164.75,0,13.6,cb 4p 16a 25ka 
79877,XT1C160R20,126.06,13.6,17,cb 3p 20a 25ka 
79891,XT1C160R20,164.75,13.6,17,cb 4p 20a 25ka 
45438,XT1C160R25,126.06,17,21.25,cb 3p 25a 25ka 
45508,XT1C160R25,164.75,17,21.25,cb 4p 25a 25ka 
45439,XT1C160R32,126.06,21.25,27.2,cb 3p 32a 25ka 
45509,XT1C160R32,164.75,21.25,27.2,cb 4p 32a 25ka 
45440,XT1C160R40,126.06,27.2,34,cb 3p 40a 25ka 
45510,XT1C160R40,164.75,27.2,34,cb 4p 40a 25ka 
45441,XT1C160R50,126.06,34,42.5,cb 3p 50a 25ka 
45511,XT1C160R50,164.75,34,42.5,cb 4p 50a 25ka 
45442,XT1C160R63,126.06,42.5,53.55,cb 3p 63a 25ka 
45512,XT1C160R63,164.75,42.5,53.55,cb 4p 63a 25ka 
45443,XT1C160R80,126.06,53.55,68,cb 3p 80a 25ka 
45513,XT1C160R80,164.75,53.55,68,cb 4p 80a 25ka 
45435,XT1C160R100,126.06,68,85,cb 3p 100a 25ka 
45503,XT1C160R100,164.75,68,85,cb 4p 100a 25ka 
45436,XT1C160R125,159.33,85,106.25,cb 3p 125a 25ka 
45504,XT1C160R125,209.74,85,106.25,cb 4p 125a 25ka 
45505,XT1C160R125,209.74,85,106.25,cb 4p(N=50%) 125a 25ka 
45437,XT1C160R160,195.78,106.25,136,cb 3p 160a 25ka 
45506,XT1C160R160,255.08,106.25,136,cb 4p 160a 25ka 
45507,XT1C160R160,255.08,106.25,136,cb 4p(N=50%) 160a 25ka 
79878,XT1N160R16,142.76,0,13.6,cb 3p 16a 36ka 
79892,XT1N160R16,192.06,0,13.6,cb 4p 16a 36ka 
79879,XT1N160R20,142.76,13.6,17,cb 3p 20a 36ka 
79893,XT1N160R20,192.06,13.6,17,cb 4p 20a 36ka 
79880,XT1N160R25,142.76,17,21.25,cb 3p 25a 36ka 
79894,XT1N160R25,192.06,17,21.25,cb 4p 25a 36ka 
45453,XT1N160R32,142.76,21.25,27.2,cb 3p 32a 36ka 
45527,XT1N160R32,192.06,21.25,27.2,cb 4p 32a 36ka 
45454,XT1N160R40,142.76,27.2,34,cb 3p 40a 36ka 
45528,XT1N160R40,192.06,27.2,34,cb 4p 40a 36ka 
45455,XT1N160R50,142.76,34,42.5,cb 3p 50a 36ka 
45529,XT1N160R50,192.06,34,42.5,cb 4p 50a 36ka 
45456,XT1N160R63,142.76,42.5,53.55,cb 3p 63a 36ka 
45530,XT1N160R63,192.06,42.5,53.55,cb 4p 63a 36ka 
45457,XT1N160R80,142.76,53.55,68,cb 3p 80a 36ka 
45531,XT1N160R80,192.06,53.55,68,cb 4p 80a 36ka 
45450,XT1N160R100,142.76,68,85,cb 3p 100a 36ka 
45522,XT1N160R100,192.06,68,85,cb 4p 100a 36ka 
45451,XT1N160R125,198.89,85,106.25,cb 3p 125a 36ka 
45523,XT1N160R125,265.93,85,106.25,cb 4p 125a 36ka 
45524,XT1N160R125,265.93,85,106.25,cb 4p(N=50%) 125a 36ka 
45452,XT1N160R160,214.42,106.25,136,cb 3p 160a 36ka 
45525,XT1N160R160,278.08,106.25,136,cb 4p 160a 36ka 
45526,XT1N160R160,278.08,106.25,136,cb 4p(N=50%) 160a 36ka 
79881,XT1S160R16,200.58,0,13.6,cb 3p 16a 50ka 
79895,XT1S160R16,250.42,0,13.6,cb 4p 16a 50ka 
79882,XT1S160R20,200.58,13.6,17,cb 3p 20a 50ka 
79896,XT1S160R20,250.42,13.6,17,cb 4p 20a 50ka 
79866,XT1S160R25,200.58,17,21.25,cb 3p 25a 50ka 
79897,XT1S160R25,250.42,17,21.25,cb 4p 25a 50ka 
79883,XT1S160R32,200.58,21.25,27.2,cb 3p 32a 50ka 
79898,XT1S160R32,250.42,21.25,27.2,cb 4p 32a 50ka 
79884,XT1S160R40,200.58,27.2,34,cb 3p 40a 50ka 
79899,XT1S160R40,250.42,27.2,34,cb 4p 40a 50ka 
45461,XT1S160R50,200.58,34,42.5,cb 3p 50a 50ka 
45537,XT1S160R50,250.42,34,42.5,cb 4p 50a 50ka 
45462,XT1S160R63,207.26,42.5,53.55,cb 3p 63a 50ka 
45538,XT1S160R63,259.81,42.5,53.55,cb 4p 63a 50ka 
45463,XT1S160R80,207.26,53.55,68,cb 3p 80a 50ka 
45539,XT1S160R80,259.81,53.55,68,cb 4p 80a 50ka 
45458,XT1S160R100,211.72,68,85,cb 3p 100a 50ka 
45532,XT1S160R100,264.50,68,85,cb 4p 100a 50ka 
45459,XT1S160R125,275.66,85,106.25,cb 3p 125a 50ka 
45533,XT1S160R125,363.62,85,106.25,cb 4p 125a 50ka 
45534,XT1S160R125,363.62,85,106.25,cb 4p(N=50%) 125a 50ka 
45460,XT1S160R160,347.31,106.25,136,cb 3p 160a 50ka 
45535,XT1S160R160,440.45,106.25,136,cb 4p 160a 50ka 
45536,XT1S160R160,440.45,106.25,136,cb 4p(N=50%) 160a 50ka 
79885,XT1H160R16,228.36,0,13.6,cb 3p 16a 70ka 
79900,XT1H160R16,283.84,0,13.6,cb 4p 16a 70ka 
79886,XT1H160R20,228.36,13.6,17,cb 3p 20a 70ka 
79901,XT1H160R20,283.84,13.6,17,cb 4p 20a 70ka 
79887,XT1H160R25,228.36,17,21.25,cb 3p 25a 70ka 
79902,XT1H160R25,283.84,17,21.25,cb 4p 25a 70ka 
79888,XT1H160R32,228.36,21.25,27.2,cb 3p 32a 70ka 
79903,XT1H160R32,283.84,21.25,27.2,cb 4p 32a 70ka 
79889,XT1H160R40,228.36,27.2,34,cb 3p 40a 70ka 
79904,XT1H160R40,283.84,27.2,34,cb 4p 40a 70ka 
45447,XT1H160R50,228.36,34,42.5,cb 3p 50a 70ka 
45519,XT1H160R50,283.84,34,42.5,cb 4p 50a 70ka 
45448,XT1H160R63,233.49,42.5,53.55,cb 3p 63a 70ka 
45520,XT1H160R63,294.10,42.5,53.55,cb 4p 63a 70ka 
45449,XT1H160R80,233.49,53.55,68,cb 3p 80a 70ka 
45521,XT1H160R80,294.10,53.55,68,cb 4p 80a 70ka 
45444,XT1H160R100,238.63,68,85,cb 3p 100a 70ka 
45514,XT1H160R100,297.52,68,85,cb 4p 100a 70ka 
45445,XT1H160R125,295.76,85,106.25,cb 3p 125a 70ka 
45515,XT1H160R125,403.19,85,106.25,cb 4p 125a 70ka 
45516,XT1H160R125,403.19,85,106.25,cb 4p(N=50%) 125a 70ka 
45446,XT1H160R160,381.32,106.25,136,cb 3p 160a 70ka 
45517,XT1H160R160,480.63,106.25,136,cb 4p 160a 70ka 
45518,XT1H160R160,480.63,106.25,136,cb 4p(N=50%) 160a 70ka 
45479,ΧΤ3N250R63,335.01,42.5,53.55,cb 3p 63a 36ka 
45559,ΧΤ3N250R63,409.74,42.5,53.55,cb 4p 63a 36ka 
45480,XT3N250R80,335.01,53.55,68,cb 3p 80a 36ka 
45560,XT3N250R80,409.74,53.55,68,cb 4p 80a 36ka 
45474,XT3N250R100,335.01,68,85,cb 3p 100a 36ka 
45550,XT3N250R100,409.74,68,85,cb 4p 100a 36ka 
45475,XT3N250R125,343.74,85,106.25,cb 3p 125a 36ka 
45551,XT3N250R125,419.68,85,106.25,cb 4p 125a 36ka 
45552,XT3N250R125,419.68,85,106.25,cb 4p(N=50%) 125a 36ka 
45476,XT3N250R160,351.23,106.25,136,cb 3p 160a 36ka 
45553,XT3N250R160,427.70,106.25,136,cb 4p 160a 36ka 
45554,XT3N250R160,427.70,106.25,136,cb 4p(N=50%) 160a 36ka 
45477,XT3N250R200,353.39,136,170,cb 3p 200a 36ka 
45555,XT3N250R200,441.99,136,170,cb 4p 200a 36ka 
45556,XT3N250R200,441.99,136,170,cb 4p(N=50%) 200a 36ka 
45478,XT3N250R250,353.39,170,212.5,cb 3p 250a 36ka 
45557,XT3N250R250,441.99,170,212.5,cb 4p 250a 36ka 
45558,XT3N250R250,441.99,170,212.5,cb 4p(N=50%) 250a 36ka 
45486,XT3S250R63,402.11,42.5,53.55,cb 3p 63a 50ka 
45570,XT3S250R63,517.84,42.5,53.55,cb 4p 63a 50ka 
45487,XT3S250R80,402.11,53.55,68,cb 3p 80a 50ka 
45571,XT3S250R80,517.84,53.55,68,cb 4p 80a 50ka 
45481,XT3S250R100,402.11,68,85,cb 3p 100a 50ka 
45561,XT3S250R100,517.84,68,85,cb 4p 100a 50ka 
45482,XT3S250R125,417.95,85,106.25,cb 3p 125a 50ka 
45562,XT3S250R125,529.82,85,106.25,cb 4p 125a 50ka 
45563,XT3S250R125,529.82,85,106.25,cb 4p(N=50%) 125a 50ka 
45483,XT3S250R160,430.14,106.25,136,cb 3p 160a 50ka 
45564,XT3S250R160,544.21,106.25,136,cb 4p 160a 50ka 
45565,XT3S250R160,544.21,106.25,136,cb 4p(N=50%) 160a 50ka 
45484,XT3S250R200,439.89,136,170,cb 3p 200a 50ka 
45566,XT3S250R200,553.79,136,170,cb 4p 200a 50ka 
45567,XT3S250R200,553.79,136,170,cb 4p(N=50%) 200a 50ka 
45485,XT3S250R250,439.89,170,212.5,cb 3p 250a 50ka 
45568,XT3S250R250,553.79,170,212.5,cb 4p 250a 50ka 
45569,XT3S250R250,553.79,170,212.5,cb 4p(N=50%) 250a 50ka 
45488,XT4H250R200,489.00,136,170,cb 3p 200a 70ka 
45572,XT4H250R200,639.40,136,170,cb 4p 200a 70ka 
45489,XT4H250R250,489.00,170,212.5,cb 3p 250a 70ka 
45573,XT4H250R250,639.40,212.5,212.5,cb 4p 250a 70ka 
45574,XT2Ν160R10,297.32,0,8.2,cb 3p 10a 36ka 
45589,XT2Ν160R10,414.02,0,8.2,cb 4p 10a 36ka 
45575,XT2Ν160R25,297.32,8.2,20.5,cb 3p 25a 36ka 
45590,XT2Ν160R25,414.02,8.2,20.5,cb 4p 25a 36ka 
45576,XT2Ν160R63,297.32,20.5,51.66,cb 3p 63a 36ka 
45591,XT2Ν160R63,414.02,20.5,51.66,cb 4p 63a 36ka 
45577,XT2Ν160R100,297.32,51.66,82,cb 3p 100a 36ka 
45592,XT2Ν160R100,414.02,51.66,82,cb 4p 100a 36ka 
45578,XT2Ν160R160,337.93,82,131.2,cb 3p 160a 36ka 
45593,XT2Ν160R160,433.38,82,131.2,cb 4p 160a 36ka 
45579,XT2S160R10,369.07,0,8.2,cb 3p 10a 50ka 
45594,XT2S160R10,493.86,0,8.2,cb 4p 10a 50ka 
45580,XT2S160R25,369.07,8.2,20.5,cb 3p 25a 50ka 
45595,XT2S160R25,493.86,8.2,20.5,cb 4p 25a 50ka 
45581,XT2S160R63,369.07,20.5,51.66,cb 3p 63a 50ka 
45596,XT2S160R63,493.86,20.5,51.66,cb 4p 63a 50ka 
45582,XT2S160R100,369.07,51.66,82,cb 3p 100a 50ka 
45597,XT2S160R100,493.86,51.66,82,cb 4p 100a 50ka 
45583,XT2S160R160,389.68,82,131.2,cb 3p 160a 50ka 
45598,XT2S160R160,505.47,82,131.2,cb 4p 160a 50ka 
45584,XT2H160R10,398.66,0,8.2,cb 3p 10a 70ka 
45599,XT2H160R10,521.62,0,8.2,cb 4p 10a 70ka 
45585,XT2H160R25,398.66,8.2,20.5,cb 3p 25a 70ka 
45600,XT2H160R25,521.62,8.2,20.5,cb 4p 25a 70ka 
45586,XT2H160R63,398.66,20.5,51.66,cb 3p 63a 70ka 
45601,XT2H160R63,521.62,20.5,51.66,cb 4p 63a 70ka 
45587,XT2H160R100,398.66,51.66,82,cb 3p 100a 70ka 
45602,XT2H160R100,521.62,51.66,82,cb 4p 100a 70ka 
45588,XT2H160R160,411.08,82,131.2,cb 3p 160a 70ka 
45603,XT2H160R160,531.41,82,131.2,cb 4p 160a 70ka 
45608,XT4N250R250,457.51,131.2,205,cb 3p 250a 36ka 
45623,XT4N250R250,575.09,131.2,205,cb 4p 250a 36ka 
45613,XT4S250R250,492.24,131.2,205,cb 3p 250a 50ka 
45628,XT4S250R250,646.55,131.2,205,cb 4p 250a 50ka 
45618,XT4H250R250,535.00,131.2,205,cb 3p 250a 70ka 
45633,XT4H250R250,694.56,131.2,205,cb 4p 250a 70ka 
24453,T5N400R400,726.43,205,328,cb 3p 400a 36ka 
24479,T5N400R400,896.77,205,328,cb 4p 400a 36ka 
24454,T5S400R400,781.85,205,328,cb 3p 400a 50ka 
24478,T5S400R400,1000.13,205,328,cb 4p 400a 50ka 
24455,T5H400R400,895.74,205,328,cb 3p 400a 70ka 
24467,T5H400R400,1123.23,205,328,cb 4p 400a 70ka 
24456,T5N630R630,972.91,328,516.6,cb 3p 630a 36ka 
24468,T5N630R630,1231.83,328,516.6,cb 4p 630a 36ka 
24457,T5S630R630,1025.15,328,516.6,cb 3p 630a 50ka 
24469,T5S630R630,1290.48,328,516.6,cb 4p 630a 50ka 
24458,T5H630R630,1129.62,328,516.6,cb 3p 630a 70ka 
24470,T5H630R630,1411.06,328,516.6,cb 4p 630a 70ka 
29908,T6N800R800,1287.29,516.6,656,cb 3p 800a 36ka 
29911,T6N800R800,1612.49,516.6,656,cb 4p 800a 36ka 
29909,T6S800R800,1350.96,516.6,656,cb 3p 800a 50ka 
29912,T6S800R800,1662.58,516.6,656,cb 4p 800a 50ka 
29907,T6H800R800,1476.41,516.6,656,cb 3p 800a 70ka 
29910,T6H800R800,1867.33,516.6,656,cb 4p 800a 70ka 
44087,MS132-0.16,49.68,0.10,0.16,mpcb 0.1...0.16 100kA
44088,MS132-0.25,49.68,0.16,0.25,mpcb 0.16...0.25 100kA
44089,MS132-0.4,49.68,0.25,0.40,mpcb 0.25...0.4 100kA
44090,MS132-0.63,49.68,0.40,0.63,mpcb 0.4...0.63 100kA
44091,MS132-1.0,49.77,0.63,1.00,mpcb 0.63...1 100kA
44092,MS132-1.6,49.77,1.00,1.60,mpcb 1...1.6 100kA
44093,MS132-2.5,49.77,1.60,2.50,mpcb 1.6...2.5 100kA
44094,MS132-4.0,49.91,2.50,4.00,mpcb 2.5...4 100kA
44095,MS132-6.3,49.91,4.00,6.30,mpcb 4...6.3 100kA
44096,MS132-10.0,55.87,6.30,10.00,mpcb 6.3...10 100kA
44097,MS132-16.0,58.91,10.00,16.00,mpcb 10...16 100kA
44098,MS132-20.0,62.43,16.00,20.00,mpcb 16...20 100kA
44099,MS132-25.0,71.05,20.00,25.00,mpcb 20...25 50kA
44101,MS132-32.0,97.17,25.00,32.00,mpcb 25...32 25kA
78215,MS165-42,181.26,30.00,42.00,mpcb 30...42 50kA
78216,MS165-54,201.46,40.00,54.00,mpcb 40...54 30kA
78217,MS165-65,215.00,52.00,65.00,mpcb 52...65 30kA
701832,MS165-73,228.96,62.00,73.00,mpcb 62...73 30kA
701831,MS165-80,241.92,70.00,80.00,mpcb 70...80 30kA
15782,MS495-75,310.94,57.00,75.00,mpcb 57...75 25kA
17601,MS495-90,334.32,70.00,90.00,mpcb 70...90 25kA
17602,MS495-100,357.75,80.00,100.00,mpcb 80...100 25kA
45350,AF09-30-10-13,27.28,0,7,mrly 3p 009a
45357,AF12-30-10-13,30.75,7,10.5,mrly 3p 012a
45363,AF16-30-10-13,41.27,10.5,15,mrly 3p 018a
45369,AF26-30-00-13,55.90,15,22,mrly 3p 026a
45375,AF30-30-00-13,80.26,22,29,mrly 3p 032a
45378,AF38-30-00-13,97.88,29,35,mrly 3p 038a
72399,AF52-30-11-13,137.85,35,45.5,mrly 3p 053a
72400,AF65-30-11-13,198.03,45.5,59,mrly 3p 065a
72401,AF80-30-11-13,241.69,59,72.5,mrly 3p 080a
72407,AF96-30-11-13,296.37,72.5,88,mrly 3p 096a
72409,AF116-30-11-13,354.35,88,106,mrly 3p 116a
73580,AF140-30-11Β-13,376.97,106,128,mrly 3p 140a
73825,AF190-30-11-13,474.07,128,165,mrly 3p 190a
72413,AF205-30-11-13,685.41,165,197.5,mrly 3p 205a
72412,AF265-30-11-13,844.42,197.5,235,mrly 3p 265a
72411,AF305-30-11-13,1022.51,235,285,mrly 3p 305a
72427,AF370-30-11-13,1068.75,285,337.5,mrly 3p 370a
18291,AF400-30-11-13,1222.79,337.5,385,mrly 3p 400a
18292,AF460-30-11-13,1540.72,385,430,mrly 3p 460a
18293,AF580-30-11-13,2311.07,430,520,mrly 3p 580a
18294,AF750-30-11-13,3660.72,520,665,mrly 3p 750a
22659,AF1350-30-22-13,5759.59,665,805,mrly 3p 860a
24646,AF1650-30-22-13,7121.85,805,955,mrly 3p 1050a
45381,AF09-40-00-13,32.35,0,23,rly 4p 025a
45383,AF16-40-00-13,41.19,23,27.5,rly 4p 030a
47149,AF26-40-00-13,63.54,27.5,37.5,rly 4p 045a
47151,AF38-40-00-13,110.61,37.5,50,rly 4p 055a
75531,AF52-40-00-13,217.82,50,77.5,rly 4p 100a
75532,AF80-40-00-13,281.03,77.5,112.5,rly 4p 125a
75534,AF116-40-00-13,399.51,112.5,142.5,rly 4p 160a
75535,AF140-40-00B-13,443.42,142.5,180,rly 4p 200a
75536,AF190-40-00-13,619.54,180,225,rly 4p 250a
75537,AF205-40-00-13,916.66,225,262.5,rly 4p 275a
75538,AF265-40-00-13,1161.31,262.5,312.5,rly 4p 350a
75539,AF305-40-00-13,1471.78,312.5,362.5,rly 4p 375a
75540,AF370-40-00-13,1602.33,362.5,387.5,rly 4p 400a
12109,EK550-40-11,1906.12,387.5,600,rly 4p 800a
13611,EK1000-40-11,2614.12,600,900,rly 4p 1000a
83102,ESB20-20N 230 V AC/DC,22.94,0,16,rly 2p 020a
83118,ESB25-40N 230-240 V AC/DC,33.59,0,20,rly 4p 025a
83126,ESB40-40N 230 V AC/DC,55.42,20,32,rly 4p 040a
73542,SD201-25,4.95,0,14,sw 1p 025a
73546,SD201-32,5.2,14,18,sw 1p 032a
73550,SD201-40,5.72,18,21.5,sw 1p 040a
73554,SD201-50,6.71,21.5,28.5,sw 1p 050a
73558,SD201-63,7.18,28.5,39.5,sw 1p 063a
73498,E201-80,9.47,39.5,62.5,sw 1p 080a
73499,E201-100,10.4,62.5,90,sw 1p 100a
40465,E201-125,15.61,90,112.5,sw 1p 125a
73543,SD202-25,9.98,0,14,sw 2p 025a
73547,SD202-32,10.4,14,18,sw 2p 032a
73551,SD202-40,11.45,18,21.5,sw 2p 040a
73555,SD202-50,13.66,21.5,28.5,sw 2p 050a
73559,SD202-63,14.81,28.5,39.5,sw 2p 063a
43769,E202-80,18.95,39.5,62.5,sw 2p 080a
48424,E202-100,20.19,62.5,90,sw 2p 100a
48435,E202-125,31.52,90,112.5,sw 2p 125a
73544,SD203-25,14.77,0,14,sw 3p 025a
73548,SD203-32,15.19,14,18,sw 3p 032a
73552,SD203-40,17.58,18,21.5,sw 3p 040a
73556,SD203-50,21.33,21.5,28.5,sw 3p 050a
73560,SD203-63,23.93,28.5,39.5,sw 3p 063a
26548,E203-80,26.01,39.5,62.5,sw 3p 080a
26549,E203-100,33.29,62.5,90,sw 3p 100a
26550,E203-125,43.18,90,112.5,sw 3p 125a
73545,SD204-25,19.96,0,14,sw 4p 025a
73549,SD204-32,21.54,14,18,sw 4p 032a
73553,SD204-40,28.16,18,21.5,sw 4p 040a
73557,SD204-50,30.67,21.5,28.5,sw 4p 050a
73561,SD204-63,32.57,28.5,39.5,sw 4p 063a
26554,E204-80,36.67,39.5,62.5,sw 4p 080a
26555,E204-100,47.17,62.5,90,sw 4p 100a
26556,E204-125,57.58,90,112.5,sw 4p 125a
41686,OT16F3,17.52,0,14,sw 3p 16a
41692,OT25F3,24.75,14,18,sw 3p 20a
41698,OT40F3,26.92,18,21.5,sw 3p 23a
41704,OT63F3,31.61,21.5,34,sw 3p 45a
41710,OT80F3,35.81,34,60,sw 3p 75a
41676,OT100F3,55.55,60,77.5,sw 3p 80a
41680,OT125F3,63.5,77.5,85,sw 3p 90a
80650,OT160G03K,104.37,85,125,sw 3p 160a
12343,OT16FT3,26.7,0,14,sw 3p 16a
12344,OT25FT3,28.82,14,18,sw 3p 20a
12345,OT40FT3,31.22,18,21.5,sw 3p 23a
12346,OT63FT3,47.38,21.5,34,sw 3p 45a
12347,OT80FT3,52.25,34,60,sw 3p 75a
12348,OT100FT3,63.78,60,77.5,sw 3p 80a
12349,OT125FT3,81.97,77.5,85,sw 3p 90a
80654,OT160GΤ03P,160.24,85,125,sw 3p 160a
11512,OT16-3,25.97,0,14,sw 3p 16a
11513,OT25-3,33.2,14,18,sw 3p 20a
11514,OT40-3,35.37,18,21.5,sw 3p 23a
11515,OT63-3,42.38,21.5,34,sw 3p 45a
11516,OT80-3,46.58,34,60,sw 3p 75a
11509,OT100-3,66.32,60,77.5,sw 3p 80a
11510,OT125-3,74.27,77.5,85,sw 3p 90a
80651,OT160G03P,115.26,85,125,sw 3p 160a
44517,OT200E03WP,146.14,125,180,sw 3p 200a
44518,OT250E03WP,173.05,180,225,sw 3p 250a
44519,OT315E03P,231.75,225,282.5,sw 3p 315a
44520,OT400E03P,236.04,282.5,357.5,sw 3p 400a
44521,OT630E03P,320.63,357.5,515,sw 3p 630a
44522,OT800E03P,480.23,515,675,sw 3p 720a
14327,OT1000E03P,842.92,675,760,sw 3p 800a
14328,OT1250E03P,971.47,760,900,sw 3p 1000a
14329,OT1600E03P,1201.94,900,1000,sw 3p 1000a
42670,OT2000E03P,2074.58,1000,1500,sw 3p 2500a
42672,OT2500E03P,2463.05,1500,2250,sw 3p 2500a
73687,OT3200E03P,3908.04,2250,2850,sw 3p 3200a
41688,OT16F4N2,23.84,0,14,sw 4p 16a
41694,OT25F4N2,30.49,14,18,sw 4p 20a
41700,OT40F4N2,33.57,18,21.5,sw 4p 23a
41706,OT63F4N2,40.27,21.5,34,sw 4p 45a
41712,OT80F4N2,46.87,34,60,sw 4p 75a
41677,OT100F4N2,69.54,60,77.5,sw 4p 80a
41682,OT125F4N2,81.11,77.5,85,sw 4p 90a
80652,OT160G04Κ,140.05,85,125,sw 4p 160a
11544,OT16-4,32.29,0,14,sw 4p 16a
11545,OT25-4,38.94,14,18,sw 4p 20a
11546,OT40-4,42.02,18,21.5,sw 4p 23a
11547,OT63-4,51.04,21.5,34,sw 4p 45a
11548,OT80-4,57.64,34,60,sw 4p 75a
11541,OT100-4,80.31,60,77.5,sw 4p 80a
11542,OT125-4,91.88,77.5,85,sw 4p 90a
80653,OT160G04P,153.29,85,125,sw 4p 160a
44523,OT200E04WP,201.73,125,180,sw 4p 200a
44524,OT250E04WP,224.18,180,225,sw 4p 250a
44525,OT315E04P,276.64,225,282.5,sw 4p 315a
44526,OT400E04P,286.21,282.5,357.5,sw 4p 400a
44527,OT630E04P,418.93,357.5,515,sw 4p 630a
44528,OT800E04P,605.43,515,675,sw 4p 720a
14339,OT1000E04P,1101.48,675,760,sw 4p 800a
14352,OT1250E04P,1190.43,760,900,sw 4p 1000a
14353,OT1600E04P,1502.21,900,1000,sw 4p 1000a
42671,OT2000E04P,2480.47,1000,1500,sw 4p 2000a
42673,OT2500E04P,3017.89,1500,2250,sw 4p 2500a
73717,OT3200E04P,4680.5,2250,2850,sw 4p 3200a